{
  "Entries": [
    {
      "RequestUri": "https://smstestapp.communication.azure.com/availablePhoneNumbers/countries/US/localities?api-version=2022-12-01",
      "RequestMethod": "GET",
      "RequestHeaders": {
        "Accept": "application/json",
        "Accept-Language": "en-US",
        "Authorization": "Sanitized",
        "User-Agent": "azsdk-net-Communication.PhoneNumbers/1.2.0-alpha.20230620.1 (.NET 7.0.7; Microsoft Windows 10.0.22000)",
        "x-ms-client-request-id": "182f86ffe7cc232919bbba307848f6b1",
        "x-ms-content-sha256": "Sanitized",
        "x-ms-date": "Wed, 21 Jun 2023 01:16:39 GMT",
        "x-ms-return-client-request-id": "true"
      },
      "RequestBody": null,
      "StatusCode": 200,
      "ResponseHeaders": {
        "api-supported-versions": "2022-12-01, 2022-12-02-preview2, 2023-05-01-preview",
        "Cache-Control": "max-age=21600, private, stale-while-revalidate=86400",
        "Content-Length": "10202",
        "Content-Type": "application/json; charset=utf-8",
        "Date": "Wed, 21 Jun 2023 01:16:38 GMT",
        "MS-CV": "MQJsmD4Z70G0Ja3abfbwCQ.0",
        "Strict-Transport-Security": "max-age=2592000",
        "X-Azure-Ref": "0d0\u002BSZAAAAAAJxk2YqCjrSKolfjHL8VouWVZSMzExMDAwMTE1MDM3ADlmYzdiNTE5LWE4Y2MtNGY4OS05MzVlLWM5MTQ4YWUwOWU4MQ==",
        "X-Cache": "CONFIG_NOCACHE",
        "X-Processing-Time": "219ms"
      },
      "ResponseBody": {
        "phoneNumberLocalities": [
          {
            "localizedName": "Birmingham",
            "administrativeDivision": {
              "localizedName": "AL",
              "abbreviatedName": "AL"
            }
          },
          {
            "localizedName": "Huntsville",
            "administrativeDivision": {
              "localizedName": "AL",
              "abbreviatedName": "AL"
            }
          },
          {
            "localizedName": "Mobile",
            "administrativeDivision": {
              "localizedName": "AL",
              "abbreviatedName": "AL"
            }
          },
          {
            "localizedName": "Montgomery",
            "administrativeDivision": {
              "localizedName": "AL",
              "abbreviatedName": "AL"
            }
          },
          {
            "localizedName": "Fort Smith",
            "administrativeDivision": {
              "localizedName": "AR",
              "abbreviatedName": "AR"
            }
          },
          {
            "localizedName": "Jonesboro",
            "administrativeDivision": {
              "localizedName": "AR",
              "abbreviatedName": "AR"
            }
          },
          {
            "localizedName": "Little Rock",
            "administrativeDivision": {
              "localizedName": "AR",
              "abbreviatedName": "AR"
            }
          },
          {
            "localizedName": "Phoenix",
            "administrativeDivision": {
              "localizedName": "AZ",
              "abbreviatedName": "AZ"
            }
          },
          {
            "localizedName": "Anaheim",
            "administrativeDivision": {
              "localizedName": "CA",
              "abbreviatedName": "CA"
            }
          },
          {
            "localizedName": "Burbank",
            "administrativeDivision": {
              "localizedName": "CA",
              "abbreviatedName": "CA"
            }
          },
          {
            "localizedName": "Concord",
            "administrativeDivision": {
              "localizedName": "CA",
              "abbreviatedName": "CA"
            }
          },
          {
            "localizedName": "Fresno",
            "administrativeDivision": {
              "localizedName": "CA",
              "abbreviatedName": "CA"
            }
          },
          {
            "localizedName": "Irvine",
            "administrativeDivision": {
              "localizedName": "CA",
              "abbreviatedName": "CA"
            }
          },
          {
            "localizedName": "Los Angeles",
            "administrativeDivision": {
              "localizedName": "CA",
              "abbreviatedName": "CA"
            }
          },
          {
            "localizedName": "Riverside",
            "administrativeDivision": {
              "localizedName": "CA",
              "abbreviatedName": "CA"
            }
          },
          {
            "localizedName": "Sacramento",
            "administrativeDivision": {
              "localizedName": "CA",
              "abbreviatedName": "CA"
            }
          },
          {
            "localizedName": "Salinas",
            "administrativeDivision": {
              "localizedName": "CA",
              "abbreviatedName": "CA"
            }
          },
          {
            "localizedName": "San Diego",
            "administrativeDivision": {
              "localizedName": "CA",
              "abbreviatedName": "CA"
            }
          },
          {
            "localizedName": "San Francisco",
            "administrativeDivision": {
              "localizedName": "CA",
              "abbreviatedName": "CA"
            }
          },
          {
            "localizedName": "San Jose",
            "administrativeDivision": {
              "localizedName": "CA",
              "abbreviatedName": "CA"
            }
          },
          {
            "localizedName": "Santa Clarita",
            "administrativeDivision": {
              "localizedName": "CA",
              "abbreviatedName": "CA"
            }
          },
          {
            "localizedName": "Santa Rosa",
            "administrativeDivision": {
              "localizedName": "CA",
              "abbreviatedName": "CA"
            }
          },
          {
            "localizedName": "Stockton",
            "administrativeDivision": {
              "localizedName": "CA",
              "abbreviatedName": "CA"
            }
          },
          {
            "localizedName": "Truckee",
            "administrativeDivision": {
              "localizedName": "CA",
              "abbreviatedName": "CA"
            }
          },
          {
            "localizedName": "Washington DC",
            "administrativeDivision": {
              "localizedName": "CL",
              "abbreviatedName": "CL"
            }
          },
          {
            "localizedName": "Denver",
            "administrativeDivision": {
              "localizedName": "CO",
              "abbreviatedName": "CO"
            }
          },
          {
            "localizedName": "Grand Junction",
            "administrativeDivision": {
              "localizedName": "CO",
              "abbreviatedName": "CO"
            }
          },
          {
            "localizedName": "Pueblo",
            "administrativeDivision": {
              "localizedName": "CO",
              "abbreviatedName": "CO"
            }
          },
          {
            "localizedName": "Bridgeport",
            "administrativeDivision": {
              "localizedName": "CT",
              "abbreviatedName": "CT"
            }
          },
          {
            "localizedName": "Hartford",
            "administrativeDivision": {
              "localizedName": "CT",
              "abbreviatedName": "CT"
            }
          },
          {
            "localizedName": "Wilmington",
            "administrativeDivision": {
              "localizedName": "DE",
              "abbreviatedName": "DE"
            }
          },
          {
            "localizedName": "Daytona Beach",
            "administrativeDivision": {
              "localizedName": "FL",
              "abbreviatedName": "FL"
            }
          },
          {
            "localizedName": "Fort Lauderdale",
            "administrativeDivision": {
              "localizedName": "FL",
              "abbreviatedName": "FL"
            }
          },
          {
            "localizedName": "Gainesville",
            "administrativeDivision": {
              "localizedName": "FL",
              "abbreviatedName": "FL"
            }
          },
          {
            "localizedName": "Jacksonville",
            "administrativeDivision": {
              "localizedName": "FL",
              "abbreviatedName": "FL"
            }
          },
          {
            "localizedName": "Lakeland",
            "administrativeDivision": {
              "localizedName": "FL",
              "abbreviatedName": "FL"
            }
          },
          {
            "localizedName": "Miami",
            "administrativeDivision": {
              "localizedName": "FL",
              "abbreviatedName": "FL"
            }
          },
          {
            "localizedName": "Orlando",
            "administrativeDivision": {
              "localizedName": "FL",
              "abbreviatedName": "FL"
            }
          },
          {
            "localizedName": "Port St Lucie",
            "administrativeDivision": {
              "localizedName": "FL",
              "abbreviatedName": "FL"
            }
          },
          {
            "localizedName": "Sarasota",
            "administrativeDivision": {
              "localizedName": "FL",
              "abbreviatedName": "FL"
            }
          },
          {
            "localizedName": "Tallahassee",
            "administrativeDivision": {
              "localizedName": "FL",
              "abbreviatedName": "FL"
            }
          },
          {
            "localizedName": "Tampa",
            "administrativeDivision": {
              "localizedName": "FL",
              "abbreviatedName": "FL"
            }
          },
          {
            "localizedName": "West Palm Beach",
            "administrativeDivision": {
              "localizedName": "FL",
              "abbreviatedName": "FL"
            }
          },
          {
            "localizedName": "Albany",
            "administrativeDivision": {
              "localizedName": "GA",
              "abbreviatedName": "GA"
            }
          },
          {
            "localizedName": "Atlanta",
            "administrativeDivision": {
              "localizedName": "GA",
              "abbreviatedName": "GA"
            }
          },
          {
            "localizedName": "Augusta",
            "administrativeDivision": {
              "localizedName": "GA",
              "abbreviatedName": "GA"
            }
          },
          {
            "localizedName": "Macon",
            "administrativeDivision": {
              "localizedName": "GA",
              "abbreviatedName": "GA"
            }
          },
          {
            "localizedName": "Savannah",
            "administrativeDivision": {
              "localizedName": "GA",
              "abbreviatedName": "GA"
            }
          },
          {
            "localizedName": "Honolulu",
            "administrativeDivision": {
              "localizedName": "HI",
              "abbreviatedName": "HI"
            }
          },
          {
            "localizedName": "Cedar Rapids",
            "administrativeDivision": {
              "localizedName": "IA",
              "abbreviatedName": "IA"
            }
          },
          {
            "localizedName": "Davenport",
            "administrativeDivision": {
              "localizedName": "IA",
              "abbreviatedName": "IA"
            }
          },
          {
            "localizedName": "Mason City",
            "administrativeDivision": {
              "localizedName": "IA",
              "abbreviatedName": "IA"
            }
          },
          {
            "localizedName": "Sioux City",
            "administrativeDivision": {
              "localizedName": "IA",
              "abbreviatedName": "IA"
            }
          },
          {
            "localizedName": "Boise",
            "administrativeDivision": {
              "localizedName": "ID",
              "abbreviatedName": "ID"
            }
          },
          {
            "localizedName": "Alton",
            "administrativeDivision": {
              "localizedName": "IL",
              "abbreviatedName": "IL"
            }
          },
          {
            "localizedName": "Aurora",
            "administrativeDivision": {
              "localizedName": "IL",
              "abbreviatedName": "IL"
            }
          },
          {
            "localizedName": "Champaign",
            "administrativeDivision": {
              "localizedName": "IL",
              "abbreviatedName": "IL"
            }
          },
          {
            "localizedName": "Chicago",
            "administrativeDivision": {
              "localizedName": "IL",
              "abbreviatedName": "IL"
            }
          },
          {
            "localizedName": "Cicero",
            "administrativeDivision": {
              "localizedName": "IL",
              "abbreviatedName": "IL"
            }
          },
          {
            "localizedName": "Rock Island",
            "administrativeDivision": {
              "localizedName": "IL",
              "abbreviatedName": "IL"
            }
          },
          {
            "localizedName": "Rockford",
            "administrativeDivision": {
              "localizedName": "IL",
              "abbreviatedName": "IL"
            }
          },
          {
            "localizedName": "Waukegan",
            "administrativeDivision": {
              "localizedName": "IL",
              "abbreviatedName": "IL"
            }
          },
          {
            "localizedName": "Evansville",
            "administrativeDivision": {
              "localizedName": "IN",
              "abbreviatedName": "IN"
            }
          },
          {
            "localizedName": "Fort Wayne",
            "administrativeDivision": {
              "localizedName": "IN",
              "abbreviatedName": "IN"
            }
          },
          {
            "localizedName": "Gary",
            "administrativeDivision": {
              "localizedName": "IN",
              "abbreviatedName": "IN"
            }
          },
          {
            "localizedName": "Indianapolis",
            "administrativeDivision": {
              "localizedName": "IN",
              "abbreviatedName": "IN"
            }
          },
          {
            "localizedName": "South Bend",
            "administrativeDivision": {
              "localizedName": "IN",
              "abbreviatedName": "IN"
            }
          },
          {
            "localizedName": "Kansas City",
            "administrativeDivision": {
              "localizedName": "KS",
              "abbreviatedName": "KS"
            }
          },
          {
            "localizedName": "Topeka",
            "administrativeDivision": {
              "localizedName": "KS",
              "abbreviatedName": "KS"
            }
          },
          {
            "localizedName": "Wichita",
            "administrativeDivision": {
              "localizedName": "KS",
              "abbreviatedName": "KS"
            }
          },
          {
            "localizedName": "Ashland",
            "administrativeDivision": {
              "localizedName": "KY",
              "abbreviatedName": "KY"
            }
          },
          {
            "localizedName": "Lexington",
            "administrativeDivision": {
              "localizedName": "KY",
              "abbreviatedName": "KY"
            }
          },
          {
            "localizedName": "Louisville",
            "administrativeDivision": {
              "localizedName": "KY",
              "abbreviatedName": "KY"
            }
          },
          {
            "localizedName": "Owensboro",
            "administrativeDivision": {
              "localizedName": "KY",
              "abbreviatedName": "KY"
            }
          },
          {
            "localizedName": "Baton Rouge",
            "administrativeDivision": {
              "localizedName": "LA",
              "abbreviatedName": "LA"
            }
          },
          {
            "localizedName": "Lafayette",
            "administrativeDivision": {
              "localizedName": "LA",
              "abbreviatedName": "LA"
            }
          },
          {
            "localizedName": "New Orleans",
            "administrativeDivision": {
              "localizedName": "LA",
              "abbreviatedName": "LA"
            }
          },
          {
            "localizedName": "Shreveport",
            "administrativeDivision": {
              "localizedName": "LA",
              "abbreviatedName": "LA"
            }
          },
          {
            "localizedName": "Chicopee",
            "administrativeDivision": {
              "localizedName": "MA",
              "abbreviatedName": "MA"
            }
          },
          {
            "localizedName": "Lowell",
            "administrativeDivision": {
              "localizedName": "MA",
              "abbreviatedName": "MA"
            }
          },
          {
            "localizedName": "Lynn",
            "administrativeDivision": {
              "localizedName": "MA",
              "abbreviatedName": "MA"
            }
          },
          {
            "localizedName": "Baltimore",
            "administrativeDivision": {
              "localizedName": "MD",
              "abbreviatedName": "MD"
            }
          },
          {
            "localizedName": "Bethesda",
            "administrativeDivision": {
              "localizedName": "MD",
              "abbreviatedName": "MD"
            }
          },
          {
            "localizedName": "Silver Spring",
            "administrativeDivision": {
              "localizedName": "MD",
              "abbreviatedName": "MD"
            }
          },
          {
            "localizedName": "Portland",
            "administrativeDivision": {
              "localizedName": "ME",
              "abbreviatedName": "ME"
            }
          },
          {
            "localizedName": "Ann Arbor",
            "administrativeDivision": {
              "localizedName": "MI",
              "abbreviatedName": "MI"
            }
          },
          {
            "localizedName": "Detroit",
            "administrativeDivision": {
              "localizedName": "MI",
              "abbreviatedName": "MI"
            }
          },
          {
            "localizedName": "Flint",
            "administrativeDivision": {
              "localizedName": "MI",
              "abbreviatedName": "MI"
            }
          },
          {
            "localizedName": "Grand Rapids",
            "administrativeDivision": {
              "localizedName": "MI",
              "abbreviatedName": "MI"
            }
          },
          {
            "localizedName": "Grant",
            "administrativeDivision": {
              "localizedName": "MI",
              "abbreviatedName": "MI"
            }
          },
          {
            "localizedName": "Lansing",
            "administrativeDivision": {
              "localizedName": "MI",
              "abbreviatedName": "MI"
            }
          },
          {
            "localizedName": "Otsego",
            "administrativeDivision": {
              "localizedName": "MI",
              "abbreviatedName": "MI"
            }
          },
          {
            "localizedName": "Pontiac",
            "administrativeDivision": {
              "localizedName": "MI",
              "abbreviatedName": "MI"
            }
          },
          {
            "localizedName": "Saginaw",
            "administrativeDivision": {
              "localizedName": "MI",
              "abbreviatedName": "MI"
            }
          },
          {
            "localizedName": "Sault Ste Marie",
            "administrativeDivision": {
              "localizedName": "MI",
              "abbreviatedName": "MI"
            }
          },
          {
            "localizedName": "Troy",
            "administrativeDivision": {
              "localizedName": "MI",
              "abbreviatedName": "MI"
            }
          },
          {
            "localizedName": "Warren",
            "administrativeDivision": {
              "localizedName": "MI",
              "abbreviatedName": "MI"
            }
          },
          {
            "localizedName": "Alexandria",
            "administrativeDivision": {
              "localizedName": "MN",
              "abbreviatedName": "MN"
            }
          },
          {
            "localizedName": "Bloomington",
            "administrativeDivision": {
              "localizedName": "MN",
              "abbreviatedName": "MN"
            }
          },
          {
            "localizedName": "Duluth",
            "administrativeDivision": {
              "localizedName": "MN",
              "abbreviatedName": "MN"
            }
          }
        ],
        "nextLink": "/availablePhoneNumbers/countries/US/localities?api-version=2022-12-01\u0026skip=100\u0026maxPageSize=100"
      }
    },
    {
      "RequestUri": "https://smstestapp.communication.azure.com/availablePhoneNumbers/countries/US/localities?api-version=2022-12-01\u0026skip=100\u0026maxPageSize=100",
      "RequestMethod": "GET",
      "RequestHeaders": {
        "Accept": "application/json",
        "Accept-Language": "en-US",
        "Authorization": "Sanitized",
        "User-Agent": "azsdk-net-Communication.PhoneNumbers/1.2.0-alpha.20230620.1 (.NET 7.0.7; Microsoft Windows 10.0.22000)",
        "x-ms-client-request-id": "9b2c820cf913a798de164d48d24052ae",
        "x-ms-content-sha256": "Sanitized",
        "x-ms-date": "Wed, 21 Jun 2023 01:16:40 GMT",
        "x-ms-return-client-request-id": "true"
      },
      "RequestBody": null,
      "StatusCode": 200,
      "ResponseHeaders": {
        "api-supported-versions": "2022-12-01, 2022-12-02-preview2, 2023-05-01-preview",
        "Cache-Control": "max-age=21600, private, stale-while-revalidate=86400",
        "Content-Length": "9806",
        "Content-Type": "application/json; charset=utf-8",
        "Date": "Wed, 21 Jun 2023 01:16:39 GMT",
        "MS-CV": "Kk1MuIJyZ0yLESOSJqaaMw.0",
        "Strict-Transport-Security": "max-age=2592000",
        "X-Azure-Ref": "0d0\u002BSZAAAAAA\u002BIzAEcy/HRK9MjBH/dOflWVZSMzExMDAwMTE1MDM3ADlmYzdiNTE5LWE4Y2MtNGY4OS05MzVlLWM5MTQ4YWUwOWU4MQ==",
        "X-Cache": "CONFIG_NOCACHE",
        "X-Processing-Time": "209ms"
      },
      "ResponseBody": {
        "phoneNumberLocalities": [
          {
            "localizedName": "Mankato",
            "administrativeDivision": {
              "localizedName": "MN",
              "abbreviatedName": "MN"
            }
          },
          {
            "localizedName": "Minneapolis",
            "administrativeDivision": {
              "localizedName": "MN",
              "abbreviatedName": "MN"
            }
          },
          {
            "localizedName": "St. Paul",
            "administrativeDivision": {
              "localizedName": "MN",
              "abbreviatedName": "MN"
            }
          },
          {
            "localizedName": "Kansas City",
            "administrativeDivision": {
              "localizedName": "MO",
              "abbreviatedName": "MO"
            }
          },
          {
            "localizedName": "Marshall",
            "administrativeDivision": {
              "localizedName": "MO",
              "abbreviatedName": "MO"
            }
          },
          {
            "localizedName": "Springfield",
            "administrativeDivision": {
              "localizedName": "MO",
              "abbreviatedName": "MO"
            }
          },
          {
            "localizedName": "St. Louis",
            "administrativeDivision": {
              "localizedName": "MO",
              "abbreviatedName": "MO"
            }
          },
          {
            "localizedName": "Biloxi",
            "administrativeDivision": {
              "localizedName": "MS",
              "abbreviatedName": "MS"
            }
          },
          {
            "localizedName": "Jackson",
            "administrativeDivision": {
              "localizedName": "MS",
              "abbreviatedName": "MS"
            }
          },
          {
            "localizedName": "Starkville",
            "administrativeDivision": {
              "localizedName": "MS",
              "abbreviatedName": "MS"
            }
          },
          {
            "localizedName": "Billings",
            "administrativeDivision": {
              "localizedName": "MT",
              "abbreviatedName": "MT"
            }
          },
          {
            "localizedName": "Asheville",
            "administrativeDivision": {
              "localizedName": "NC",
              "abbreviatedName": "NC"
            }
          },
          {
            "localizedName": "Charlotte",
            "administrativeDivision": {
              "localizedName": "NC",
              "abbreviatedName": "NC"
            }
          },
          {
            "localizedName": "Fayetteville",
            "administrativeDivision": {
              "localizedName": "NC",
              "abbreviatedName": "NC"
            }
          },
          {
            "localizedName": "Greensboro",
            "administrativeDivision": {
              "localizedName": "NC",
              "abbreviatedName": "NC"
            }
          },
          {
            "localizedName": "Raleigh",
            "administrativeDivision": {
              "localizedName": "NC",
              "abbreviatedName": "NC"
            }
          },
          {
            "localizedName": "Rocky Mount",
            "administrativeDivision": {
              "localizedName": "NC",
              "abbreviatedName": "NC"
            }
          },
          {
            "localizedName": "Fargo",
            "administrativeDivision": {
              "localizedName": "ND",
              "abbreviatedName": "ND"
            }
          },
          {
            "localizedName": "Kearney",
            "administrativeDivision": {
              "localizedName": "NE",
              "abbreviatedName": "NE"
            }
          },
          {
            "localizedName": "Omaha",
            "administrativeDivision": {
              "localizedName": "NE",
              "abbreviatedName": "NE"
            }
          },
          {
            "localizedName": "All locations",
            "administrativeDivision": {
              "localizedName": "NG",
              "abbreviatedName": "NG"
            }
          },
          {
            "localizedName": "Atlantic City",
            "administrativeDivision": {
              "localizedName": "NJ",
              "abbreviatedName": "NJ"
            }
          },
          {
            "localizedName": "Camden",
            "administrativeDivision": {
              "localizedName": "NJ",
              "abbreviatedName": "NJ"
            }
          },
          {
            "localizedName": "Edison",
            "administrativeDivision": {
              "localizedName": "NJ",
              "abbreviatedName": "NJ"
            }
          },
          {
            "localizedName": "Elizabeth",
            "administrativeDivision": {
              "localizedName": "NJ",
              "abbreviatedName": "NJ"
            }
          },
          {
            "localizedName": "Jersey City",
            "administrativeDivision": {
              "localizedName": "NJ",
              "abbreviatedName": "NJ"
            }
          },
          {
            "localizedName": "Newark",
            "administrativeDivision": {
              "localizedName": "NJ",
              "abbreviatedName": "NJ"
            }
          },
          {
            "localizedName": "Albuquerque",
            "administrativeDivision": {
              "localizedName": "NM",
              "abbreviatedName": "NM"
            }
          },
          {
            "localizedName": "Las Cruces",
            "administrativeDivision": {
              "localizedName": "NM",
              "abbreviatedName": "NM"
            }
          },
          {
            "localizedName": "Las Vegas",
            "administrativeDivision": {
              "localizedName": "NV",
              "abbreviatedName": "NV"
            }
          },
          {
            "localizedName": "Reno",
            "administrativeDivision": {
              "localizedName": "NV",
              "abbreviatedName": "NV"
            }
          },
          {
            "localizedName": "Albany",
            "administrativeDivision": {
              "localizedName": "NY",
              "abbreviatedName": "NY"
            }
          },
          {
            "localizedName": "Brentwood",
            "administrativeDivision": {
              "localizedName": "NY",
              "abbreviatedName": "NY"
            }
          },
          {
            "localizedName": "Elmira",
            "administrativeDivision": {
              "localizedName": "NY",
              "abbreviatedName": "NY"
            }
          },
          {
            "localizedName": "Kingston",
            "administrativeDivision": {
              "localizedName": "NY",
              "abbreviatedName": "NY"
            }
          },
          {
            "localizedName": "New York City",
            "administrativeDivision": {
              "localizedName": "NY",
              "abbreviatedName": "NY"
            }
          },
          {
            "localizedName": "Niagara Falls",
            "administrativeDivision": {
              "localizedName": "NY",
              "abbreviatedName": "NY"
            }
          },
          {
            "localizedName": "Rochester",
            "administrativeDivision": {
              "localizedName": "NY",
              "abbreviatedName": "NY"
            }
          },
          {
            "localizedName": "Syracuse",
            "administrativeDivision": {
              "localizedName": "NY",
              "abbreviatedName": "NY"
            }
          },
          {
            "localizedName": "Yonkers",
            "administrativeDivision": {
              "localizedName": "NY",
              "abbreviatedName": "NY"
            }
          },
          {
            "localizedName": "Akron",
            "administrativeDivision": {
              "localizedName": "OH",
              "abbreviatedName": "OH"
            }
          },
          {
            "localizedName": "Cincinnati",
            "administrativeDivision": {
              "localizedName": "OH",
              "abbreviatedName": "OH"
            }
          },
          {
            "localizedName": "Cleveland",
            "administrativeDivision": {
              "localizedName": "OH",
              "abbreviatedName": "OH"
            }
          },
          {
            "localizedName": "Columbus",
            "administrativeDivision": {
              "localizedName": "OH",
              "abbreviatedName": "OH"
            }
          },
          {
            "localizedName": "Dayton",
            "administrativeDivision": {
              "localizedName": "OH",
              "abbreviatedName": "OH"
            }
          },
          {
            "localizedName": "Toledo",
            "administrativeDivision": {
              "localizedName": "OH",
              "abbreviatedName": "OH"
            }
          },
          {
            "localizedName": "Lawton",
            "administrativeDivision": {
              "localizedName": "OK",
              "abbreviatedName": "OK"
            }
          },
          {
            "localizedName": "Oklahoma City",
            "administrativeDivision": {
              "localizedName": "OK",
              "abbreviatedName": "OK"
            }
          },
          {
            "localizedName": "Tulsa",
            "administrativeDivision": {
              "localizedName": "OK",
              "abbreviatedName": "OK"
            }
          },
          {
            "localizedName": "Portland",
            "administrativeDivision": {
              "localizedName": "OR",
              "abbreviatedName": "OR"
            }
          },
          {
            "localizedName": "Lancaster",
            "administrativeDivision": {
              "localizedName": "PA",
              "abbreviatedName": "PA"
            }
          },
          {
            "localizedName": "Philadelphia",
            "administrativeDivision": {
              "localizedName": "PA",
              "abbreviatedName": "PA"
            }
          },
          {
            "localizedName": "Pittsburgh",
            "administrativeDivision": {
              "localizedName": "PA",
              "abbreviatedName": "PA"
            }
          },
          {
            "localizedName": "Weatherly",
            "administrativeDivision": {
              "localizedName": "PA",
              "abbreviatedName": "PA"
            }
          },
          {
            "localizedName": "Providence",
            "administrativeDivision": {
              "localizedName": "RI",
              "abbreviatedName": "RI"
            }
          },
          {
            "localizedName": "Charleston",
            "administrativeDivision": {
              "localizedName": "SC",
              "abbreviatedName": "SC"
            }
          },
          {
            "localizedName": "Columbia",
            "administrativeDivision": {
              "localizedName": "SC",
              "abbreviatedName": "SC"
            }
          },
          {
            "localizedName": "Sioux Falls",
            "administrativeDivision": {
              "localizedName": "SD",
              "abbreviatedName": "SD"
            }
          },
          {
            "localizedName": "Chattanooga",
            "administrativeDivision": {
              "localizedName": "TN",
              "abbreviatedName": "TN"
            }
          },
          {
            "localizedName": "Clarksville",
            "administrativeDivision": {
              "localizedName": "TN",
              "abbreviatedName": "TN"
            }
          },
          {
            "localizedName": "Knoxville",
            "administrativeDivision": {
              "localizedName": "TN",
              "abbreviatedName": "TN"
            }
          },
          {
            "localizedName": "Memphis",
            "administrativeDivision": {
              "localizedName": "TN",
              "abbreviatedName": "TN"
            }
          },
          {
            "localizedName": "Nashville",
            "administrativeDivision": {
              "localizedName": "TN",
              "abbreviatedName": "TN"
            }
          },
          {
            "localizedName": "Abilene",
            "administrativeDivision": {
              "localizedName": "TX",
              "abbreviatedName": "TX"
            }
          },
          {
            "localizedName": "Austin",
            "administrativeDivision": {
              "localizedName": "TX",
              "abbreviatedName": "TX"
            }
          },
          {
            "localizedName": "Bryan",
            "administrativeDivision": {
              "localizedName": "TX",
              "abbreviatedName": "TX"
            }
          },
          {
            "localizedName": "Corpus Christi",
            "administrativeDivision": {
              "localizedName": "TX",
              "abbreviatedName": "TX"
            }
          },
          {
            "localizedName": "Dallas",
            "administrativeDivision": {
              "localizedName": "TX",
              "abbreviatedName": "TX"
            }
          },
          {
            "localizedName": "Denton",
            "administrativeDivision": {
              "localizedName": "TX",
              "abbreviatedName": "TX"
            }
          },
          {
            "localizedName": "El Paso",
            "administrativeDivision": {
              "localizedName": "TX",
              "abbreviatedName": "TX"
            }
          },
          {
            "localizedName": "Fort Worth",
            "administrativeDivision": {
              "localizedName": "TX",
              "abbreviatedName": "TX"
            }
          },
          {
            "localizedName": "Galveston",
            "administrativeDivision": {
              "localizedName": "TX",
              "abbreviatedName": "TX"
            }
          },
          {
            "localizedName": "Hamilton",
            "administrativeDivision": {
              "localizedName": "TX",
              "abbreviatedName": "TX"
            }
          },
          {
            "localizedName": "Houston",
            "administrativeDivision": {
              "localizedName": "TX",
              "abbreviatedName": "TX"
            }
          },
          {
            "localizedName": "Huntsville",
            "administrativeDivision": {
              "localizedName": "TX",
              "abbreviatedName": "TX"
            }
          },
          {
            "localizedName": "Laredo",
            "administrativeDivision": {
              "localizedName": "TX",
              "abbreviatedName": "TX"
            }
          },
          {
            "localizedName": "Lubbock",
            "administrativeDivision": {
              "localizedName": "TX",
              "abbreviatedName": "TX"
            }
          },
          {
            "localizedName": "San Antonio",
            "administrativeDivision": {
              "localizedName": "TX",
              "abbreviatedName": "TX"
            }
          },
          {
            "localizedName": "Tyler",
            "administrativeDivision": {
              "localizedName": "TX",
              "abbreviatedName": "TX"
            }
          },
          {
            "localizedName": "Salt Lake City",
            "administrativeDivision": {
              "localizedName": "UT",
              "abbreviatedName": "UT"
            }
          },
          {
            "localizedName": "St. George",
            "administrativeDivision": {
              "localizedName": "UT",
              "abbreviatedName": "UT"
            }
          },
          {
            "localizedName": "Arlington",
            "administrativeDivision": {
              "localizedName": "VA",
              "abbreviatedName": "VA"
            }
          },
          {
            "localizedName": "Danville",
            "administrativeDivision": {
              "localizedName": "VA",
              "abbreviatedName": "VA"
            }
          },
          {
            "localizedName": "Lynchburg",
            "administrativeDivision": {
              "localizedName": "VA",
              "abbreviatedName": "VA"
            }
          },
          {
            "localizedName": "Richmond",
            "administrativeDivision": {
              "localizedName": "VA",
              "abbreviatedName": "VA"
            }
          },
          {
            "localizedName": "Roanoke",
            "administrativeDivision": {
              "localizedName": "VA",
              "abbreviatedName": "VA"
            }
          },
          {
            "localizedName": "Virginia Beach",
            "administrativeDivision": {
              "localizedName": "VA",
              "abbreviatedName": "VA"
            }
          },
          {
            "localizedName": "Brattleboro",
            "administrativeDivision": {
              "localizedName": "VT",
              "abbreviatedName": "VT"
            }
          },
          {
            "localizedName": "Montpelier",
            "administrativeDivision": {
              "localizedName": "VT",
              "abbreviatedName": "VT"
            }
          },
          {
            "localizedName": "Tacoma",
            "administrativeDivision": {
              "localizedName": "WA",
              "abbreviatedName": "WA"
            }
          },
          {
            "localizedName": "Eau Claire",
            "administrativeDivision": {
              "localizedName": "WI",
              "abbreviatedName": "WI"
            }
          },
          {
            "localizedName": "Green Bay",
            "administrativeDivision": {
              "localizedName": "WI",
              "abbreviatedName": "WI"
            }
          },
          {
            "localizedName": "Kenosha",
            "administrativeDivision": {
              "localizedName": "WI",
              "abbreviatedName": "WI"
            }
          },
          {
            "localizedName": "Madison",
            "administrativeDivision": {
              "localizedName": "WI",
              "abbreviatedName": "WI"
            }
          },
          {
            "localizedName": "Milwaukee",
            "administrativeDivision": {
              "localizedName": "WI",
              "abbreviatedName": "WI"
            }
          },
          {
            "localizedName": "Charleston",
            "administrativeDivision": {
              "localizedName": "WV",
              "abbreviatedName": "WV"
            }
          },
          {
            "localizedName": "Laramie",
            "administrativeDivision": {
              "localizedName": "WY",
              "abbreviatedName": "WY"
            }
          }
        ],
        "nextLink": null
      }
    }
  ],
  "Variables": {
    "COMMUNICATION_LIVETEST_STATIC_CONNECTION_STRING": "endpoint=https://smstestapp.communication.azure.com/;accesskey=Kg==",
    "RandomSeed": "1666552501"
  }
}
